<?xml version="1.0" encoding="UTF-8"?>
<project-private xmlns="http://www.netbeans.org/ns/project-private/1">
    <editor-bookmarks xmlns="http://www.netbeans.org/ns/editor-bookmarks/2" lastBookmarkId="0"/>
    <open-files xmlns="http://www.netbeans.org/ns/projectui-open-files/2">
        <group>
            <file>file:/C:/Users/HUGO%20CASTRO/Desktop/Aplicativo%20em%20JAVA%20-%20ATP/ATP_1/src/Resource/TelaProvas.java</file>
            <file>file:/C:/Users/HUGO%20CASTRO/Desktop/Aplicativo%20em%20JAVA%20-%20ATP/ATP_1/src/Resource/TelaPrincipal.java</file>
            <file>file:/C:/Users/HUGO%20CASTRO/Desktop/Aplicativo%20em%20JAVA%20-%20ATP/ATP_1/src/Resource/BuscaNomeApp.java</file>
        </group>
    </open-files>
</project-private>
